{"cameraMode":{"drawMode":0,"name":"Shaded","section":"Shading Mode"},"sceneLighting":true,"audioPlay":false,"sceneViewState":{"m_AlwaysRefresh":false,"showFog":true,"showSkybox":true,"showFlares":true,"showImageEffects":true,"showParticleSystems":true,"showVisualEffectGraphs":true,"m_FxEnabled":true},"in2DMode":false,"pivot":{"x":-10.339434623718262,"y":1.9228816032409669,"z":-9.354866981506348},"rotation":{"x":-0.008894537575542927,"y":-0.9056551456451416,"z":-0.019021647050976754,"w":0.4234902858734131},"size":8.76341724395752,"orthographic":false}